{"Bubble Sort": [[100, 0.0009770393371582031, 4950], [1000, 0.08565258979797363, 499500], [5000, 2.0459749698638916, 12497500], [10000, 8.17283821105957, 49995000]], "Merge Sort": [[100, 0.0003657341003417969, 538], [1000, 0.0034537315368652344, 8701], [5000, 0.020795822143554688, 55191], [10000, 0.043108463287353516, 120480]], "Quick Sort": [[100, 0.00012803077697753906, 661], [1000, 0.002008676528930664, 12851], [5000, 0.012349367141723633, 74715], [10000, 0.028546571731567383, 178348]]}